path,label,source,speaker_id,duration,sample_rate,channels
C:\Users\hamda\HOMADOS_AI\data\ai\piper\en_US-lessac-medium\clip_0000.wav,1,piper,en_US-lessac-medium,103.05015873015873,22050,1
C:\Users\hamda\HOMADOS_AI\data\ai\piper\en_US-lessac-medium\clip_0001.wav,1,piper,en_US-lessac-medium,102.0517006802721,22050,1
C:\Users\hamda\HOMADOS_AI\data\ai\piper\en_US-ryan-medium\clip_0000.wav,1,piper,en_US-ryan-medium,82.18702947845804,22050,1
C:\Users\hamda\HOMADOS_AI\data\ai\piper\en_US-ryan-medium\clip_0001.wav,1,piper,en_US-ryan-medium,81.44399092970522,22050,1
C:\Users\hamda\HOMADOS_AI\data\augmented\a_bandpass\h1.wav,0,a_bandpass,h1.wav,36.7804375,16000,1
C:\Users\hamda\HOMADOS_AI\data\augmented\a_bandpass\h2.wav,0,a_bandpass,h2.wav,37.9820625,16000,1
C:\Users\hamda\HOMADOS_AI\data\augmented\a_bandpass\h3.wav,0,a_bandpass,h3.wav,36.9371875,16000,1
C:\Users\hamda\HOMADOS_AI\data\augmented\a_bandpass\h4.wav,0,a_bandpass,h4.wav,35.5004375,16000,1
C:\Users\hamda\HOMADOS_AI\data\augmented\b_bandpass_mulaw\h1.wav,0,b_bandpass_mulaw,h1.wav,36.7804375,16000,1
C:\Users\hamda\HOMADOS_AI\data\augmented\b_bandpass_mulaw\h2.wav,0,b_bandpass_mulaw,h2.wav,37.9820625,16000,1
C:\Users\hamda\HOMADOS_AI\data\augmented\b_bandpass_mulaw\h3.wav,0,b_bandpass_mulaw,h3.wav,36.9371875,16000,1
C:\Users\hamda\HOMADOS_AI\data\augmented\b_bandpass_mulaw\h4.wav,0,b_bandpass_mulaw,h4.wav,35.5004375,16000,1
C:\Users\hamda\HOMADOS_AI\data\ai\a1.mp3,1,a1.mp3,unknown,37.742721088435374,44100,1
C:\Users\hamda\HOMADOS_AI\data\ai\a2.mp3,1,a2.mp3,unknown,29.495238095238093,44100,1
C:\Users\hamda\HOMADOS_AI\data\ai\a3.mp3,1,a3.mp3,unknown,30.51639455782313,44100,1
C:\Users\hamda\HOMADOS_AI\data\ai\a4.mp3,1,a4.mp3,unknown,37.742721088435374,44100,1
C:\Users\hamda\HOMADOS_AI\data\human\h1.mp3,0,human,h1.mp3,36.9081179138322,44100,2
C:\Users\hamda\HOMADOS_AI\data\human\h2.mp3,0,human,h2.mp3,38.11251700680272,44100,2
C:\Users\hamda\HOMADOS_AI\data\human\h3.mp3,0,human,h3.mp3,37.065238095238094,44100,2
C:\Users\hamda\HOMADOS_AI\data\human\h4.mp3,0,human,h4.mp3,35.625192743764174,44100,2
